file	case_id	No	ケース名	期待する主要タグ	上端の色	上端の判定	ΔE	下端の色	下端の判定	上下一致	結果
page-001.png					—	—	0.0	#e8f3f5	ジェンダー・セクシュアリティ	×	ケース不明
page-002.png	I0000030	1	「海外でも国民審査を」訴訟【アーカイブ】	政治参加・表現の自由	#3daac8	政治参加・表現の自由	0.0	#3daac8	政治参加・表現の自由	○	一致
page-003.png	I0000041	2	カメルーン人男性死亡事件国賠訴訟【アーカイブ】	外国にルーツを持つ人々	#6b5498	外国にルーツを持つ人々	0.0	#6b5498	外国にルーツを持つ人々	○	一致
page-004.png	I0000046	3	在外選挙権確認訴訟【アーカイブケース】	政治参加・表現の自由	#3daac8	政治参加・表現の自由	0.0	#3daac8	政治参加・表現の自由	○	一致
page-005.png	I0000049	4	レペタ訴訟【アーカイブ】	政治参加・表現の自由	#3daac8	政治参加・表現の自由	0.0	#3daac8	政治参加・表現の自由	○	一致
page-006.png	I0000054	5	ネパール人取調べ中死亡国賠訴訟事件【アーカイブ】	刑事司法	#9f6e34	刑事司法	0.0	#9f6e34	刑事司法	○	一致
page-007.png	I0000056	6	マクリーン事件【アーカイブ】	外国にルーツを持つ人々	#6b5498	外国にルーツを持つ人々	0.0	#6b5498	外国にルーツを持つ人々	○	一致
page-008.png	I0000060	7	ジャーナリストに渡航の自由を！訴訟【アーカイブ】	公正な手続	#fe7389	公正な手続	0.0	#fe7389	公正な手続	○	一致
page-009.png	I0000063	8	クルド難民収容者暴行被害国賠訴訟【アーカイブ】	外国にルーツを持つ人々	#6b5498	外国にルーツを持つ人々	0.0	#6b5498	外国にルーツを持つ人々	○	一致
page-010.png	I0000063	8	クルド難民収容者暴行被害国賠訴訟【アーカイブ】	外国にルーツを持つ人々	#6b5498	外国にルーツを持つ人々	0.0	#6b5498	外国にルーツを持つ人々	○	一致
page-011.png	I0000064	9	「セックスワークにも給付金を」訴訟 【アーカイブ】	ジェンダー・セクシュアリティ	#f19423	ジェンダー・セクシュアリティ	2.4	#f19423	ジェンダー・セクシュアリティ	○	一致
page-012.png	I0000068	10	「鳥は空に魚は水に人は社会に」訴訟【アーカイブ】	医療・福祉・障がい	#ff4709	医療・福祉・障がい	0.0	#ff4709	医療・福祉・障がい	○	一致
page-013.png	I0000069	11	「LINE」を用いた住民票請求サービスの適法性確認請求事件【アーカイブ】	公正な手続	#fe7389	公正な手続	0.0	#fe7389	公正な手続	○	一致
page-014.png	I0000070	12	「人間を育てる教員に、人間らしい働き方を」訴訟【アーカイブ】	働き方	#99b73d	働き方	0.0	#99b73d	働き方	○	一致
page-015.png	I0000071	13	コロナ禍、日本社会の理不尽を問う（コロナ特措法違憲訴訟）【アーカイブ】	公正な手続	#fe7389	公正な手続	0.0	#fe7389	公正な手続	○	一致
page-016.png	I0000075	14	オペなしで！戸籍上も「俺」になりたい裁判【アーカイブ】	ジェンダー・セクシュアリティ	#f19423	ジェンダー・セクシュアリティ	2.4	#f19423	ジェンダー・セクシュアリティ	○	一致
page-017.png	I0000076	15	「琉球人のご先祖の遺骨返還を」訴訟【アーカイブ】	沖縄	#3970cb	沖縄	0.0	#3970cb	沖縄	○	一致
page-018.png	I0000078	16	教育公務員の兼業のあり方を問う訴訟【アーカイブ】	働き方	#99b73d	働き方	0.0	#99b73d	働き方	○	一致
page-019.png	I0000080	17	地方議会に横行する「少数派議員潰し」に立ち向かう訴訟【アーカイブ】	政治参加・表現の自由	#3daac8	政治参加・表現の自由	0.0	#3daac8	政治参加・表現の自由	○	一致
page-020.png	I0000083	18	ベトナム人技能実習生リンさんの死体遺棄罪刑事事件【アーカイブ】	外国にルーツを持つ人々	#6b5498	外国にルーツを持つ人々	0.0	#6b5498	外国にルーツを持つ人々	○	一致
page-021.png	I0000084	19	大川原化工機事件 〜無実で約１年勾留「人質司法」問題をただす〜【アーカイブ】	刑事司法	#9f6e34	刑事司法	0.0	#9f6e34	刑事司法	○	一致
page-022.png	I0000086	20	優生保護法に奪われた人生を取り戻す裁判【アーカイブ】	医療・福祉・障がい	#ff4709	医療・福祉・障がい	0.0	#ff4709	医療・福祉・障がい	○	一致
page-023.png	I0000087	21	赤ちゃん取り違え被害者に「出自を知る権利を」訴訟【アーカイブ】	公正な手続	#fe7389	公正な手続	0.0	#fe7389	公正な手続	○	一致
page-024.png	I0000090	22	司法の独立を脅かす岡口裁判官の罷免訴追に反対します！【アーカイブ】	政治参加・表現の自由	#3daac8	政治参加・表現の自由	0.0	#3daac8	政治参加・表現の自由	○	一致
page-025.png	I0000092	23	イラク戦争検証報告書情報公開訴訟【アーカイブ】	情報公開	#033064	情報公開	0.0	#033064	情報公開	○	一致
page-026.png	I0000093	24	日米合同委員会議事録情報公開訴訟【アーカイブ】	情報公開	#033064	情報公開	0.0	#033064	情報公開	○	一致
page-027.png	I0000095	25	『宮本から君へ』助成金不交付決定取消訴訟【アーカイブ】	政治参加・表現の自由	#3daac8	政治参加・表現の自由	0.0	#3daac8	政治参加・表現の自由	○	一致
page-028.png	I0000104	26	公安警察による市民運動の監視を許さない。市民の「もの言う」自由を守るための訴訟【アーカイブ】	個人情報・プライバシー	#22504e	個人情報・プライバシー	0.0	#22504e	個人情報・プライバシー	○	一致
page-029.png	I0000105	27	「子どもと向き合う時間がほしい」児童相談所の労働環境改善を！訴訟【アーカイブ】	働き方	#99b73d	働き方	0.0	#99b73d	働き方	○	一致
page-030.png	I0000109	28	新宿留置場事件【アーカイブ】	刑事司法	#9f6e34	刑事司法	0.0	#9f6e34	刑事司法	○	一致
page-031.png	I0000111	29	日米同性カップル在留資格訴訟  〜家族そろって日本で暮らすために〜【アーカイブ】	ジェンダー・セクシュアリティ	#f19423	ジェンダー・セクシュアリティ	2.4	#f19423	ジェンダー・セクシュアリティ	○	一致
page-032.png	I0000112	30	家事労働者にも労災認定を！訴訟 【アーカイブ】	働き方	#99b73d	働き方	0.0	#99b73d	働き方	○	一致
page-033.png	I0000119	31	“コロナ感染者立ち寄りで店名公表”は違法！訴訟【アーカイブ】	公正な手続	#fe7389	公正な手続	0.0	#fe7389	公正な手続	○	一致
page-034.png	I0000121	32	神戸石炭訴訟｜気候変動と大気汚染を防ぐため、石炭火力発電所新設は取り消しを！【アーカイブ】	環境・災害	#2e9d7e	環境・災害	0.0	#2e9d7e	環境・災害	○	一致
page-035.png	I0000125	33	婚外子国籍訴訟 —国籍法3条1項は違憲—【アーカイブ】	外国にルーツを持つ人々	#6b5498	外国にルーツを持つ人々	0.0	#6b5498	外国にルーツを持つ人々	○	一致
page-036.png	I0000133	34	「イチョウと住民自治を守ろう」訴訟【アーカイブ】	環境・災害	#2e9d7e	環境・災害	0.0	#2e9d7e	環境・災害	○	一致
page-037.png	I0000141	35	要件を満たす島民の請求を市長が拒否！石垣島住民投票の権利を問う裁判【アーカイブ】	公正な手続	#fe7389	公正な手続	0.0	#fe7389	公正な手続	○	一致
page-038.png	I0000160	36	刑務所での強制ひげ剃りと懲罰 ～医師の所見を無視した処遇の違法性を問う手書き裁判～【アーカイブ】	刑事司法	#9f6e34	刑事司法	0.0	#9f6e34	刑事司法	○	一致
page-039.png	I0000165	37	「ヒグマハンターの猟銃を取り戻す」訴訟【アーカイブ】	公正な手続	#fe7389	公正な手続	0.0	#fe7389	公正な手続	○	一致
page-040.png	I0000171	38	入管職員による人種差別と暴行事件【アーカイブ】	外国にルーツを持つ人々	#6b5498	外国にルーツを持つ人々	0.0	#6b5498	外国にルーツを持つ人々	○	一致
page-041.png	I0000115	52	市民との約束を無視して進む「新焼却炉建設」を止める訴訟	公正な手続	#fe7389	公正な手続	0.0	#fe7389	公正な手続	○	一致
page-042.png	I0000142	67	若者の志と人生を尊重する地域枠医師制度のために　～高額違約金は違法！～	医療・福祉・障がい	#ff4709	医療・福祉・障がい	0.0	#ff4709	医療・福祉・障がい	○	一致
page-043.png	I0000031	39	結婚の自由をすべての人に訴訟（同性婚訴訟）	ジェンダー・セクシュアリティ	#f19423	ジェンダー・セクシュアリティ	2.4	#f19423	ジェンダー・セクシュアリティ	○	一致
page-044.png	I0000052	40	警察庁が保有する秘密個人情報ファイル簿の情報公開訴訟	情報公開	#033064	情報公開	0.0	#033064	情報公開	○	一致
page-045.png	I0000052	40	警察庁が保有する秘密個人情報ファイル簿の情報公開訴訟	情報公開	#033064	情報公開	0.0	#033064	情報公開	○	一致
page-046.png	I0000053	41	鬼怒川大水害訴訟	環境・災害	#2e9d7e	環境・災害	0.0	#2e9d7e	環境・災害	○	一致
page-047.png	I0000053	41	鬼怒川大水害訴訟	環境・災害	#2e9d7e	環境・災害	0.0	#2e9d7e	環境・災害	○	一致
page-048.png	I0000061	42	野村ダム緊急放流による水害訴訟	環境・災害	#2e9d7e	環境・災害	0.0	#2e9d7e	環境・災害	○	一致
page-049.png	I0000062	43	羽田空港新ルート設定の取消訴訟	環境・災害	#2e9d7e	環境・災害	0.0	#2e9d7e	環境・災害	○	一致
page-050.png	I0000067	44	「同性パートナーにも犯罪被害の遺族給付金を」訴訟	ジェンダー・セクシュアリティ	#f19423	ジェンダー・セクシュアリティ	2.4	#f19423	ジェンダー・セクシュアリティ	○	一致
page-051.png	I0000081	45	市街地でＢＳＬ４の研究をしないでください	環境・災害	#2e9d7e	環境・災害	0.0	#2e9d7e	環境・災害	○	一致
page-052.png	I0000082	46	隠される「国の事故調査」プロセスを明らかに！訴訟	情報公開	#033064	情報公開	0.0	#033064	情報公開	○	一致
page-053.png	I0000085	47	「人種差別を許さない」訴訟　～警察官による母子の不当聴取と個人情報の漏洩～	外国にルーツを持つ人々	#6b5498	外国にルーツを持つ人々	0.0	#6b5498	外国にルーツを持つ人々	○	一致
page-054.png	I0000094	48	ウィシュマさん名古屋入管死亡事件	外国にルーツを持つ人々	#6b5498	外国にルーツを持つ人々	0.0	#6b5498	外国にルーツを持つ人々	○	一致
page-055.png	I0000096	49	「日本の入管収容は国際人権法違反」訴訟	外国にルーツを持つ人々	#6b5498	外国にルーツを持つ人々	0.0	#6b5498	外国にルーツを持つ人々	○	一致
page-056.png	I0000106	50	本人の意思を無視して日本国籍を一方的にはく奪する「国籍法11条1項は違憲」訴訟	公正な手続	#fe7389	公正な手続	0.0	#fe7389	公正な手続	○	一致
page-057.png	I0000114	51	受刑者にも適切な医療を！刑務所医療過誤事件	刑事司法	#9f6e34	刑事司法	0.0	#9f6e34	刑事司法	○	一致
page-058.png	I0000116	53	「会計年度任用職員にも労働基本権を！」訴訟	働き方	#99b73d	働き方	0.0	#99b73d	働き方	○	一致
page-059.png	I0000117	54	立候補年齢引き下げ訴訟	政治参加・表現の自由	#3daac8	政治参加・表現の自由	0.0	#3daac8	政治参加・表現の自由	○	一致
page-060.png	I0000120	55	神宮外苑を守ろう訴訟｜100年の歴史と3000本超の樹木を未来へ	環境・災害	#2e9d7e	環境・災害	0.0	#2e9d7e	環境・災害	○	一致
page-061.png	I0000123	56	県知事の公務での護国神社参拝取りやめをー政教分離原則の違反を問うー	公正な手続	#fe7389	公正な手続	0.0	#fe7389	公正な手続	○	一致
page-062.png	I0000124	57	恵庭市「障害者虐待」隠ぺい事件　〜元市議への忖度による放置を許さない〜	医療・福祉・障がい	#ff4709	医療・福祉・障がい	0.0	#ff4709	医療・福祉・障がい	○	一致
page-063.png	I0000128	58	人種差別的な職務質問をやめさせよう！訴訟｜#STOPレイシャルプロファイリング	外国にルーツを持つ人々	#6b5498	外国にルーツを持つ人々	0.0	#6b5498	外国にルーツを持つ人々	○	一致
page-064.png	I0000129	59	「共働き妻を亡くした夫にも遺族年金を」訴訟	ジェンダー・セクシュアリティ	#f19423	ジェンダー・セクシュアリティ	2.4	#f19423	ジェンダー・セクシュアリティ	○	一致
page-065.png	I0000130	60	日本の「黙秘権」を問う訴訟 〜56時間にわたる侮辱的な取調べは違法〜 	刑事司法	#9f6e34	刑事司法	0.0	#9f6e34	刑事司法	○	一致
page-066.png	I0000131	61	夫婦別姓も選べる社会へ！訴訟	ジェンダー・セクシュアリティ	#f19423	ジェンダー・セクシュアリティ	2.4	#f19423	ジェンダー・セクシュアリティ	○	一致
page-067.png	I0000132	62	「わたしの体は母体じゃない」訴訟	ジェンダー・セクシュアリティ	#f19423	ジェンダー・セクシュアリティ	2.4	#f19423	ジェンダー・セクシュアリティ	○	一致
page-068.png	I0000134	63	わたしたちはもう待てない〜同性婚仙台家事審判事件	ジェンダー・セクシュアリティ	#f19423	ジェンダー・セクシュアリティ	2.4	#f19423	ジェンダー・セクシュアリティ	○	一致
page-069.png	I0000135	64	難民帰化訴訟〜真に社会の一員へ〜	外国にルーツを持つ人々	#6b5498	外国にルーツを持つ人々	0.0	#6b5498	外国にルーツを持つ人々	○	一致
page-070.png	I0000136	65	地域による報酬格差は違憲！裁判官の独立と良心を守る訴訟	働き方	#99b73d	働き方	0.0	#99b73d	働き方	○	一致
page-071.png	I0000139	66	既婚を理由に法的性別取扱い変更を認めないのは違憲！「なんでうちらが離婚せなあかんの？」裁判	ジェンダー・セクシュアリティ	#f19423	ジェンダー・セクシュアリティ	2.4	#f19423	ジェンダー・セクシュアリティ	○	一致
page-072.png	I0000143	68	リニアトンネル工事で街を壊さないで 〜平穏生活権を侵害する大深度法の違憲性を問う〜	環境・災害	#2e9d7e	環境・災害	0.0	#2e9d7e	環境・災害	○	一致
page-073.png	I0000146	69	「学術会議の独立性」を市民で守ろう ～会員任命拒否理由の情報公開訴訟～	公正な手続	#fe7389	公正な手続	0.0	#fe7389	公正な手続	○	一致
page-074.png	I0000148	70	おかゆ強制はおかしい！刑事施設における不要な食事制限の撤廃を求める裁判 	刑事司法	#9f6e34	刑事司法	0.0	#9f6e34	刑事司法	○	一致
page-075.png	I0000149	71	オープンコート訴訟 —法廷の“秩序”を問う—	公正な手続	#3daac8	政治参加・表現の自由	0.0	#3daac8	政治参加・表現の自由	○	不一致
page-076.png	I0000150	72	政府が開示を拒否する、安倍元首相の「国葬文書」開示を！訴訟	情報公開	#033064	情報公開	0.0	#033064	情報公開	○	一致
page-077.png	I0000151	73	「18歳未満にも選挙で応援する自由を」訴訟	政治参加・表現の自由	#3daac8	政治参加・表現の自由	0.0	#3daac8	政治参加・表現の自由	○	一致
page-078.png	I0000152	74	保育料を経費に！訴訟	働き方	#99b73d	働き方	0.0	#99b73d	働き方	○	一致
page-079.png	I0000154	75	「無効のはずの廃園条例、なぜ続く？」— 子どもたちの保育環境を守るための訴訟	公正な手続	#fe7389	公正な手続	0.0	#fe7389	公正な手続	○	一致
page-080.png	I0000155	76	人質司法に終止符を！訴訟	刑事司法	#9f6e34	刑事司法	0.0	#9f6e34	刑事司法	○	一致
page-081.png	I0000156	77	病院でよく出る薬を、薬局ですぐ買える「零売」を守る訴訟	医療・福祉・障がい	#ff4709	医療・福祉・障がい	0.0	#ff4709	医療・福祉・障がい	○	一致
page-082.png	I0000157	78	「取調べ拒否」Tシャツを奪うな！―黙秘権と表現の自由を守る訴訟	刑事司法	#9f6e34	刑事司法	0.0	#9f6e34	刑事司法	○	一致
page-083.png	I0000159	79	日本でもマリアージュしたいねん～海外で成立した同性婚の受理を求める裁判～	ジェンダー・セクシュアリティ	#f19423	ジェンダー・セクシュアリティ	2.4	#f19423	ジェンダー・セクシュアリティ	○	一致
page-084.png	I0000164	80	引越しで選挙権が制限されない未来へ！訴訟	政治参加・表現の自由	#3daac8	政治参加・表現の自由	0.0	#3daac8	政治参加・表現の自由	○	一致
page-085.png	I0000167	81	気候正義訴訟－Climate Justice－	環境・災害	#2e9d7e	環境・災害	0.0	#2e9d7e	環境・災害	○	一致
page-086.png	I0000169	82	平和の島であるために ― 馬毛島の自然と自治を守る裁判	環境・災害	#2e9d7e	環境・災害	0.0	#2e9d7e	環境・災害	○	一致
page-087.png	I0000170	83	再開発は誰のため？いわき市の「不公正な行政契約は違法」訴訟	公正な手続	#fe7389	公正な手続	0.0	#fe7389	公正な手続	○	一致
page-088.png	I0000172	84	袴田巌さん国家賠償請求訴訟 ―半世紀のえん罪、国の責任を問う	刑事司法	#9f6e34	刑事司法	0.0	#9f6e34	刑事司法	○	一致
page-089.png	I0000173	85	【大川原化工機事件】裁判官の責任を問う訴訟	刑事司法	#9f6e34	刑事司法	0.0	#9f6e34	刑事司法	○	一致
page-090.png	I0000176	86	不透明な契約・区長の教育行政介入を問う住民訴訟 〜文京区の教育は誰のもの？	公正な手続	#fe7389	公正な手続	0.0	#fe7389	公正な手続	○	一致
page-091.png	I0000178	87	私として生きる権利を求めて。アイコさん難民不認定取消訴訟	外国にルーツを持つ人々	#6b5498	外国にルーツを持つ人々	0.0	#6b5498	外国にルーツを持つ人々	○	一致
page-092.png	I0000179	88	海外有権者の一票を守れ！在外選挙制度を問う訴訟	政治参加・表現の自由	#3daac8	政治参加・表現の自由	0.0	#3daac8	政治参加・表現の自由	○	一致
