No,case_id,状況,メモ,ケース名,概要,現行タグ,修正後タグ,変更あり?,コメント・理由,確認者,CALL4最終判断,URL
1,I0000030,アーカイブ,,「海外でも国民審査を」訴訟【アーカイブ】,海外でも国民審査を実現するために、制度の改善を求めています。,政治参加・表現の自由,政治参加・表現の自由,,,,,https://www.call4.jp/info.php?type=items&id=I0000030
2,I0000041,アーカイブ,,カメルーン人男性死亡事件国賠訴訟【アーカイブ】,2014年3月30日、茨城県牛久市の入管収容所に収容中のカメルーン人男性が、大声で「死にそうだ」と訴えながら放置され、死に至った事件。,"公正な手続, 外国にルーツを持つ人々","公正な手続, 外国にルーツを持つ人々",,,,,https://www.call4.jp/info.php?type=items&id=I0000041
3,I0000046,アーカイブ,,在外選挙権確認訴訟【アーカイブケース】,海外に居住することを理由に選挙権の行使の機会を保障しないことの違憲性を訴えた事件 ※この事件は、訴訟資料アーカイブプロジェクトの対象事件です。訴訟はすでに終結しています。,政治参加・表現の自由,政治参加・表現の自由,,,,,https://www.call4.jp/info.php?type=items&id=I0000046
4,I0000049,アーカイブ,,レペタ訴訟【アーカイブ】,裁判の傍聴に際して傍聴席でメモを取れないことの違法性を争った事件（この事件の前は、メモを取ることが一律に禁止されていました）。 ※この事件は、訴訟資料アーカイブプロジェクトの対象事件です。訴訟はすでに終結しています。,政治参加・表現の自由,政治参加・表現の自由,,,,,https://www.call4.jp/info.php?type=items&id=I0000049
5,I0000054,アーカイブ,,ネパール人取調べ中死亡国賠訴訟事件【アーカイブ】,両手に手錠をはめられたまま始められた検事の取調べ中、片方の手錠が外されるや突然白目をむいて意識不明となり不審な死を遂げたネパール国籍の男性の遺族が、身体拘束及びその解除の方法が不適切であったために男性が死亡したとして国家賠償請求を提起した事件です。,外国にルーツを持つ人々,外国にルーツを持つ人々,,,,,https://www.call4.jp/info.php?type=items&id=I0000054
6,I0000056,アーカイブ,,マクリーン事件【アーカイブ】,日本国内における政治活動を理由として外国人の在留期間更新を拒否した法務大臣の処分の違憲性・違法性が争われた事件。 ※この事件は、訴訟資料アーカイブプロジェクトの対象事件です。訴訟はすでに終結しています。,"政治参加・表現の自由, 外国にルーツを持つ人々","政治参加・表現の自由, 外国にルーツを持つ人々",,,,,https://www.call4.jp/info.php?type=items&id=I0000056
7,I0000060,アーカイブ,,ジャーナリストに渡航の自由を！訴訟【アーカイブ】,国からパスポートの発給を拒否され、海外へ渡航できなくなった安田純平さんが、発給拒否処分が違憲・違法であるとして、２０２０年１月９日に国を相手にパスポートの発給等を求めています。,公正な手続,公正な手続,,,,,https://www.call4.jp/info.php?type=items&id=I0000060
8,I0000063,アーカイブ,,クルド難民収容者暴行被害国賠訴訟【アーカイブ】,2019年1月19日午前0時過ぎ、茨城県牛久市の入国者収容所に収容されていたクルド人難民デニズさんが、「制圧行為」と称して、職員らから、手錠をかけられたまま暴行を受ける事件が発生しました。本訴訟は、この事件の違法性を問う国家賠償請求事件です。,外国にルーツを持つ人々,外国にルーツを持つ人々,,,,,https://www.call4.jp/info.php?type=items&id=I0000063
9,I0000064,アーカイブ,,「セックスワークにも給付金を」訴訟 【アーカイブ】,※2025年6月16日の上告棄却判決により敗訴判決が確定しました。 国から「国民の理解を得られない」としてコロナ給付の対象から除外され差別を受けた性風俗店が、国に対しての訴訟を行います。訴訟を通じて『セックスワークisワーク』の意味が多くの人に伝わることを願います（原告はデリバリーヘルスの事業者です。性風俗店で働くキャストは、届け出をする事業者でない限り、給付の対象です）。,"公正な手続, ジェンダー・セクシュアリティ","公正な手続, ジェンダー・セクシュアリティ",,,,,https://www.call4.jp/info.php?type=items&id=I0000064
10,I0000068,アーカイブ,,「鳥は空に魚は水に人は社会に」訴訟【アーカイブ】,精神病院に閉じ込められたまま人生の大部分を過ごす人たちが多くいます。精神障害を持つ人も地域で暮らせるようにという世界の潮流に逆行した日本の精神医療は、国際的にも大きな批判を浴びています。この訴訟は、日本の悲惨な精神医療を長年にわたり放置してきた政府の不作為責任を問い、国家賠償請求を行うものです。私たちは、この訴訟を通じて、病院中心に偏った精神医療から地域精神医療への転換が行われることを目指します。,"公正な手続, 医療・福祉・障がい","公正な手続, 医療・福祉・障がい",,,,,https://www.call4.jp/info.php?type=items&id=I0000068
11,I0000069,アーカイブ,,「LINE」を用いた住民票請求サービスの適法性確認請求事件【アーカイブ】,自宅や職場で、住民票の請求ができれば便利だと思いませんか。 LINEアプリと身分証明書のみ手元にあれば、いつでも、どこでも、住民票の請求ができるというサービスが、2020年4月東京都渋谷区で始まりました。 その直後、総務省はストップを掛けました。オンライン請求では、マイナンバーカードを使った電子署名を行えという主張です。 技術革新は誰のためのものか、これを問う裁判です。,公正な手続,公正な手続,,,,,https://www.call4.jp/info.php?type=items&id=I0000069
12,I0000070,アーカイブ,,「人間を育てる教員に、人間らしい働き方を」訴訟【アーカイブ】,一人の現職の教員が戦っています。「私たちの世代で、この長時間労働に歯止めをかけなければならない」一個人の利益のためではなく、教育の未来について考え、危機感から戦っているのです。これは、一教員だけの問題ではない。教育に関わる全ての人の問題です。教育の未来のため、支援をお願いします。 追記：2023年3月8日最高裁への上告は受理されず棄却され、この裁判は終了しました。,働き方,働き方,,,,,https://www.call4.jp/info.php?type=items&id=I0000070
13,I0000071,アーカイブ,,コロナ禍、日本社会の理不尽を問う（コロナ特措法違憲訴訟）【アーカイブ】,法的義務のない時短要請に適法に従わなかった原告。原告が提出した弁明書に対して十分な回答をすることなく、東京都は施設使用制限命令を発出しました。「訴額１円」の国家賠償請求で「コロナ特措法」及び本件命令の違憲性と民主主義国家のあり方を問います。,公正な手続,公正な手続,,,,,https://www.call4.jp/info.php?type=items&id=I0000071
14,I0000075,アーカイブ,,オペなしで！戸籍上も「俺」になりたい裁判【アーカイブ】,日本で戸籍の性別変更をするためには、「生殖腺やその機能がないこと」が法律上求められており、「卵巣や精巣の摘出手術」が事実上必要になります。 “当事者は皆そういう手術をしたいんじゃないの？”－それは、誤解です。 手術自体、心身への負担がとても大きく、手術を望まない人や望んでもできない人たちがいます。 自分の身体に関する決定権は自分にあり、その決定が当たり前に尊重される社会を目指します。,ジェンダー・セクシュアリティ,ジェンダー・セクシュアリティ,,,,,https://www.call4.jp/info.php?type=items&id=I0000075
15,I0000076,アーカイブ,,「琉球人のご先祖の遺骨返還を」訴訟【アーカイブ】,現在の沖縄県には、琉球人という先住民族が居住しており、死者はその地の墓に弔われてきました。しかし、1929年、京都帝国大学の金関丈夫氏らは、遺族の許可なく墓を荒らし、遺骨は研究目的のため持ち去られました。この遺骨は現在も、沖縄県教育庁に保管されています。沖縄県教育庁は遺骨の返還を求める声に耳を貸しません。そこで、63体の遺骨が返還され、子孫らによって祭祀されるために提起されたのが本訴訟です。,沖縄,沖縄,,,,,https://www.call4.jp/info.php?type=items&id=I0000076
16,I0000078,アーカイブ,,教育公務員の兼業のあり方を問う訴訟【アーカイブ】,教員の兼業が、不明瞭な基準のもと制限されています。教員の兼業は法律上、本務遂行に支障のない限り認められると規定されています。原告は上記の規定を踏まえ、都に対し書籍出版に関する兼業許可を求めましたが、都はこれを認めず、判断の基準も示しませんでした。兼業は、教員の能力を磨く機会となるだけでなく、得た経験や知識は、教育活動を通じて子供たちに還元されます。豊かな教育の実現のため、基準の明確化を求めます。,"公正な手続, 働き方","公正な手続, 働き方",,,,,https://www.call4.jp/info.php?type=items&id=I0000078
17,I0000080,アーカイブ,,地方議会に横行する「少数派議員潰し」に立ち向かう訴訟【アーカイブ】,湯河原町の税金滞納者(約2000件)の個人情報を町議会議員に配布。驚愕し、議会でただした新人議員に対し２回の懲罰、それを議会報で大体的に広報。これに対し、懲罰の取消と名誉の回復を求める訴訟。加えて、この滞納者リストが議会の中でどう扱われてきたのかを明らかにするための情報公開訴訟。少数派であっても、おかしいことはおかしいと言える地方議会に。議員と町民オンブズマンが起こした２つの訴訟を応援ください！,政治参加・表現の自由,政治参加・表現の自由,,,,,https://www.call4.jp/info.php?type=items&id=I0000080
18,I0000083,アーカイブ,※現行4タグ（原則上限3の例外）。3つに減らすか4つのまま維持するか要判断,ベトナム人技能実習生リンさんの死体遺棄罪刑事事件【アーカイブ】,2021年７月、熊本地裁はある22歳のベトナム人女性に有罪判決を言い渡しました。 彼女の罪名は、「死体遺棄」罪。 しかし、彼女のしたことは本当に「死体遺棄」だったのでしょうか。 本件は彼女の問題だけではなく、技能実習生の制度自体の問題点を問う訴訟です。,"外国にルーツを持つ人々, 刑事司法, ジェンダー・セクシュアリティ, 働き方","外国にルーツを持つ人々, 刑事司法, ジェンダー・セクシュアリティ, 働き方",,,,,https://www.call4.jp/info.php?type=items&id=I0000083
19,I0000084,アーカイブ,,大川原化工機事件 〜無実で約１年勾留「人質司法」問題をただす〜【アーカイブ】,経済産業大臣に輸出許可申請が必要となる噴霧乾燥機を無許可で輸出したとして逮捕・起訴された事件で、東京地検は、輸出規制対象に該当するかどうか疑いが生じたとして、初公判の直前に起訴を取り消しました。逮捕された3名のうち2名は保釈が認められるまで1年近く拘置所に勾留され、もう1名は勾留中に体調を崩し、起訴取消を知ることなく亡くなりました。なぜこのようなことが起きたのか、捜査の違法性を徹底追及します。,刑事司法,刑事司法,,,,,https://www.call4.jp/info.php?type=items&id=I0000084
20,I0000086,アーカイブ,,優生保護法に奪われた人生を取り戻す裁判【アーカイブ】,日本に約25年前まであった優生保護法により、国から「子供を産んではいけない」と言われ、本人の同意なく強制的に不妊手術を受けた人たちがいます。「不良な存在」として尊厳を傷つけられた被害者たちが、国に対して謝罪と補償・差別の是正を求めて起こした裁判の、裁判費用を集める支援プロジェクトです。,医療・福祉・障がい,医療・福祉・障がい,,,,,https://www.call4.jp/info.php?type=items&id=I0000086
21,I0000087,アーカイブ,,赤ちゃん取り違え被害者に「出自を知る権利を」訴訟【アーカイブ】,原告は昭和３３年４月１０日頃に東京都立墨田産院での出生直後、他の新生児と取り違えられ、その賠償責任については平成１８年の裁判で認められたにもかかわらず、その後も東京都が一切の事実調査を拒否し、未だに原告が生みの親と接触することができない状況にあるという事件です。まだ見ぬ両親の寿命も限られていることから、この度やむなく原告は、東京都に対して、調査の実施等を求めて改めて提訴しました。,"公正な手続, 情報公開","公正な手続, 情報公開",,,,,https://www.call4.jp/info.php?type=items&id=I0000087
22,I0000090,アーカイブ,,司法の独立を脅かす岡口裁判官の罷免訴追に反対します！【アーカイブ】,岡口基一裁判官がSNSでの投稿・発言を理由に弾劾裁判にかけられました。司法の独立の意義が多くの人に伝わることを願い、罷免が不当であることを広く社会に訴えます。,政治参加・表現の自由,政治参加・表現の自由,,,,,https://www.call4.jp/info.php?type=items&id=I0000090
23,I0000092,アーカイブ,,イラク戦争検証報告書情報公開訴訟【アーカイブ】,イラク戦争に関して、当時の外務省の対応が適切であったかについての検証結果が取りまとめられた報告書が非公開とされ簡単な概要のみの公表となったため、情報公開を求めたところ不開示との決定がされました。この不開示処分の取消し及び不開示部分につき開示決定の義務付けを求めた事件です。 ※この事件は、訴訟資料アーカイブプロジェクトの対象事件です。訴訟はすでに終結しています。,情報公開,情報公開,,,,,https://www.call4.jp/info.php?type=items&id=I0000092
24,I0000093,アーカイブ,,日米合同委員会議事録情報公開訴訟【アーカイブ】,日米合同委員会の議事録非公開の根拠とされる日米双方の合意により非公表とするとの取り決めについて、情報公開請求で不開示となったため提訴しましたが、のちに取り決め部分は国が別訴訟で証拠提出して公開状態になっていたことが判明しました。そこで、当初の不開示決定が違法であるとして国家賠償請求に変更して争った事件です。 ※この事件は、訴訟資料アーカイブプロジェクトの対象事件です。訴訟はすでに終結しています。,情報公開,情報公開,,,,,https://www.call4.jp/info.php?type=items&id=I0000093
25,I0000095,アーカイブ,,『宮本から君へ』助成金不交付決定取消訴訟【アーカイブ】,映画『宮本から君へ』への日本芸術文化振興会の助成金不交付決定処分に強く抗議し、処分の取り消しを求めます。このたびの高裁判決によって、今後、行政が文化芸術や学術関連の補助金・助成金について、専門家の判断を事実上無視し、恣意的な交付・不交付の審査が行われるという危険が生じています。市民の表現の自由等への萎縮効果は絶大です。私たちは上告し、最後まで闘います。ご支援よろしくお願いいたします。,"公正な手続, 政治参加・表現の自由","公正な手続, 政治参加・表現の自由",,,,,https://www.call4.jp/info.php?type=items&id=I0000095
26,I0000104,アーカイブ,,公安警察による市民運動の監視を許さない。市民の「もの言う」自由を守るための訴訟【アーカイブ】,岐阜県大垣市に風力発電施設計画が浮上し、健康被害や土砂災害などを心配した地域住民が勉強会を開いたところ、大垣署警備課（公安）が事業者を呼んで、勉強会主催者とその知人ら計4名の個人情報を提供しました。「このような人物」が連携して市民運動に発展すると「厄介だ」というのです。法的根拠なく個人情報を収集し利用する公安警察のありようを問い、「もの言う」自由を守っていくために4名が提訴しました。,"公正な手続, 政治参加・表現の自由, 個人情報・プライバシー","公正な手続, 政治参加・表現の自由, 個人情報・プライバシー",,,,,https://www.call4.jp/info.php?type=items&id=I0000104
27,I0000105,アーカイブ,,「子どもと向き合う時間がほしい」児童相談所の労働環境改善を！訴訟【アーカイブ】,原告の飯島さんは、子ども電話相談等を通じて、児童相談所の児童を支える仕事をしたいと志し児童相談所職員となりました。しかし、入所した児童相談所では研修制度の不備や人員の慢性的不足からくる長時間労働が常態化していました。 この訴訟を通じて、児童相談所の労働環境について問題提起をし、慢性的な人員不足の解消等を実現し、職員が、一人一人の児童と充分に向き合える環境が整うことを目指します。,"働き方, 医療・福祉・障がい","働き方, 医療・福祉・障がい",,,,,https://www.call4.jp/info.php?type=items&id=I0000105
28,I0000109,アーカイブ,,新宿留置場事件【アーカイブ】,新宿警察署の留置施設に収容されていた原告（２０歳代の男性）が留置担当官と議論になり、保護室に連行され、パンツ一丁にされ、ベルト手錠、捕縄等で身体を拘束された。原告は「垂れ流せよ。みんなそうしてるから。」と言われ、拘束され寝転がされた状態で、パンツをはいたまま排泄させられた。このように保護室＋拘束をセットにしての虐待がルーティンとして行われている、新宿警察署の取り扱いに対する国賠請求事件です。,刑事司法,刑事司法,,,,,https://www.call4.jp/info.php?type=items&id=I0000109
29,I0000111,アーカイブ,,日米同性カップル在留資格訴訟  〜家族そろって日本で暮らすために〜【アーカイブ】,日本国籍-外国籍の同性カップルが、家族そろって日本で暮らすために。アメリカ国籍のアンドリューさんは、同性パートナーである日本国籍の康平さんと日本での生活を続けるため、「定住者」の在留資格申請をしましたが、認められませんでした。パートナーとの関係に基づく安定した在留資格が、同性カップルには認められていないのです。そこで、「定住者」の在留資格を認めること及び国家賠償を求めるのが本ケースです。,"外国にルーツを持つ人々, ジェンダー・セクシュアリティ","外国にルーツを持つ人々, ジェンダー・セクシュアリティ",,,,,https://www.call4.jp/info.php?type=items&id=I0000111
30,I0000112,アーカイブ,,家事労働者にも労災認定を！訴訟 【アーカイブ】,2015年5月、寝たきりの高齢者のお宅で家事業務や介護業務のため、住み込みで1週間ほぼ24時間休みなしで働いていたAさんが亡くなりました。しかし、国は家事労働者には労働基準法が適用されないことを理由に労災を認定しませんでした。 遺族は、家事労働者に労災が認められないのは不当だとして、不認定処分の取り消しを求めて提訴しました。これは、すべての家事労働者の権利回復に関わる裁判です。,働き方,働き方,,,,,https://www.call4.jp/info.php?type=items&id=I0000112
31,I0000119,アーカイブ,,“コロナ感染者立ち寄りで店名公表”は違法！訴訟【アーカイブ】,2020年7月31日に徳島県知事は記者会見で、当時はまだ数少なかった新型コロナ感染者が20分立ち寄ったラーメン店名を公表。結果、深刻な風評被害が生じました。店長・従業員のコロナ陰性が確認されており、店からはクラスターはもちろん感染者も発生しなかったにかかわらず、その事実は公表されませんでした。このような一方的な公表は、市民の不安を煽るだけの行政による不合理な飲食店いじめに他なりません。,"公正な手続, 環境・災害","公正な手続, 環境・災害",,,,,https://www.call4.jp/info.php?type=items&id=I0000119
32,I0000121,アーカイブ,,神戸石炭訴訟｜気候変動と大気汚染を防ぐため、石炭火力発電所新設は取り消しを！【アーカイブ】,神戸市灘区の石炭火力発電所新設計画に対して、地域住民から反対の声があがっています。PM2.5をはじめとした大気汚染物質と、市全域の排出量に匹敵する量のCO2を排出する発電所。気候変動の影響が顕在化している中、被害を回避するための司法の役割を問います。 ※この事件は、最高裁が原告らの上告を棄却し訴訟はすでに終結しています。みなさまの応援の声を募集しています。,環境・災害,環境・災害,,,,,https://www.call4.jp/info.php?type=items&id=I0000121
33,I0000125,アーカイブ,,婚外子国籍訴訟 —国籍法3条1項は違憲—【アーカイブ】,結婚していない日本人の父親と日本人ではない母親との間に生まれた子どもは、生まれた後に日本人の父親から認知されたとしても、両親が結婚をしなければ日本国籍を取得することができませんでした。日本国籍を与える条件として両親の結婚を定めた国籍法旧3条1項の違憲性を争った事件です。 ※この事件は、訴訟資料アーカイブプロジェクトの対象事件です。訴訟はすでに終結しています。,外国にルーツを持つ人々,外国にルーツを持つ人々,,,,,https://www.call4.jp/info.php?type=items&id=I0000125
34,I0000133,アーカイブ,,「イチョウと住民自治を守ろう」訴訟【アーカイブ】,文教の街、神田で、古くから人々に親しまれてきた街路樹が、住民たちに対する十分な説明もないまま、伐採され始めています。千代田区は、住民との対話を拒絶したまま、強硬に計画を推し進め、反対する住民たちを排除しようとしています。イチョウ並木と、住民自治の原則を守るため、住民たちは伐採が行われないよう毎夜木の見守りを行いながら、司法にも救済を求めています。,"公正な手続, 環境・災害","公正な手続, 環境・災害",,,,,https://www.call4.jp/info.php?type=items&id=I0000133
35,I0000141,アーカイブ,,要件を満たす島民の請求を市長が拒否！石垣島住民投票の権利を問う裁判【アーカイブ】,石垣島では2018年に市条例に基づく市民発議での住民投票請求がなされました。しかし、請求要件を満たしたにもかかわらず住民投票は実施されませんでした。この問題には、住民投票のテーマが自衛隊配備という安全保障に関わる国策事業であることが背景にあります。市民生活と自然を守ろうと足元を見つめて立ち上がった運動が、安全保障の議論を巻き込んだ地方自治と民主主義を守る戦いに発展しています。,"公正な手続, 政治参加・表現の自由, 沖縄","公正な手続, 政治参加・表現の自由, 沖縄",,,,,https://www.call4.jp/info.php?type=items&id=I0000141
36,I0000160,アーカイブ,,刑務所での強制ひげ剃りと懲罰 ～医師の所見を無視した処遇の違法性を問う手書き裁判～【アーカイブ】,私は、金属アレルギー症状があるのに刑務所で無理やりひげを剃られ、これを拒否したことを理由に懲罰を受けました。自分で訴状を作って提訴し、一審でひげ剃りと懲罰が違法だったことが認められました。ただし、このほかの刑務所の違法行為については認められず、慰謝料額はわずかです。控訴審ではこのほかの刑務所の違法行為を争い、慰謝料の増額を求めています。これは受刑者の権利や刑務所での人権保障のあり方を問う裁判です。,"刑事司法, 医療・福祉・障がい","刑事司法, 医療・福祉・障がい",,,,,https://www.call4.jp/info.php?type=items&id=I0000160
37,I0000165,アーカイブ,,「ヒグマハンターの猟銃を取り戻す」訴訟【アーカイブ】,その日、原告が一匹の子グマに対して放った弾丸は、紛れもなく、近隣住民をクマ被害から守るためのものでした。原告は市から依頼を受け、周囲の状況に配慮して発射しましたが、その8ヶ月後、危険な発射行為だったとして、原告が猟銃を所持する許可が取り消されてしまいます。このケースは、猟銃所持の許可の取消しは違法であると主張し、クマ被害に対応するハンターの地位、市民の安全や平穏な生活環境を守るための訴訟です。,公正な手続,公正な手続,,,,,https://www.call4.jp/info.php?type=items&id=I0000165
38,I0000171,アーカイブ,,入管職員による人種差別と暴行事件【アーカイブ】,2020年、アメリカ国籍のマーク・ゴードンさんは、石鹸をゴミ箱に投げ入れたという理由だけで暴力的な拘束を受けました。複数のヘルニア手術歴があるにもかかわらず、職員に激しく押さえつけられ、首、背中、四肢を押さえつけられました。呼吸困難に陥り病院へ搬送を訴えたにもかかわらず、放置されました。これは人種差別的な虐待であり、拷問および人権侵害です。,外国にルーツを持つ人々,外国にルーツを持つ人々,,,,,https://www.call4.jp/info.php?type=items&id=I0000171
39,I0000031,進行中,,結婚の自由をすべての人に訴訟（同性婚訴訟）,法律上の性別が同じ人どうしは、日本では結婚できません。 2019年2月14日、札幌、東京、名古屋、大阪の各地方裁判所で提訴、9月5日には福岡地裁でも提訴しました。 さらに、2021年3月26日、東京地裁で新たに提訴しました。 本ケースは、日本初の同性婚についての集団訴訟（「結婚の自由をすべての人に」訴訟）です。 法律上の性別にかかわらず結婚できることを目指しています。,ジェンダー・セクシュアリティ,ジェンダー・セクシュアリティ,,,,,https://www.call4.jp/info.php?type=items&id=I0000031
40,I0000052,進行中,,警察庁が保有する秘密個人情報ファイル簿の情報公開訴訟,警察庁の秘密ファイルの開示を求めています。 ※2025年6月3日に、高裁判決を破棄して差し戻す最高裁判決が言い渡され、事件は東京高裁に係属しています。,"刑事司法, 情報公開","刑事司法, 情報公開",,,,,https://www.call4.jp/info.php?type=items&id=I0000052
41,I0000053,進行中,,鬼怒川大水害訴訟,２０１５年９月９日の「平成２７年９月関東・東北豪雨」時に鬼怒川が溢水・越水して、茨城県常総市で大水害が発生しました。国が自然堤防の掘削を適切に対処しなかったり、低い堤防を放置していたことが、水害を引き起こし、被害を拡大しました。大水害で被害を受けた私たち原告は、河川行政の過ちを今後繰り返さないためにも、行政の責任を問うこの訴訟が必要だと考えています。,"公正な手続, 環境・災害","公正な手続, 環境・災害",,,,,https://www.call4.jp/info.php?type=items&id=I0000053
42,I0000061,進行中,,野村ダム緊急放流による水害訴訟,２０１８年７月７日、野村ダムが緊急放流を実施。約６５０棟が浸水、５名が死亡した。原因は、国や野村ダム管理所の危機対応の杜撰さにある。２度と同じ悲劇が起こらないよう、野村の未来を守るため訴訟します。,"公正な手続, 環境・災害","公正な手続, 環境・災害",,,,,https://www.call4.jp/info.php?type=items&id=I0000061
43,I0000062,進行中,,羽田空港新ルート設定の取消訴訟,都心住宅密集地や臨海コンビナート周辺の原告ら住民・労働者の生命・環境・安全・健康を守るために 、本件訴訟による行政処分の取消を通じて 、都心・臨海コンビナート上空の低空飛行をやめさせる、羽田空港の離着陸については、これまでの原則通り、海上ルートを守らせる、これが、原告らの願いであり 、本件訴訟の目的でもある 。,"公正な手続, 環境・災害","公正な手続, 環境・災害",,,,,https://www.call4.jp/info.php?type=items&id=I0000062
44,I0000067,進行中,,「同性パートナーにも犯罪被害の遺族給付金を」訴訟,２０年以上もの間、生活を共にしてきた同性のパートナーを殺害された者が、「事実上婚姻関係と同様の事情にあった者」として、犯罪被害給付制度の遺族給付金の支給を求めて申請を行いました。しかし、愛知県公安委員会は、申請者と本件被害者が、法律上同性であること等を理由に、給付金を支給しない旨の裁定をしました。これを不服として、名古屋地方裁判所に不支給処分の取消を求める訴えを提起しました。,"刑事司法, ジェンダー・セクシュアリティ","刑事司法, ジェンダー・セクシュアリティ",,,,,https://www.call4.jp/info.php?type=items&id=I0000067
45,I0000081,進行中,,市街地でＢＳＬ４の研究をしないでください,長崎大学が計画し、国が支援するＢＳＬ４施設は、エボラウイルスのような致死的病原体を扱います。 しかし、住宅地から５０ｍしか離れていないため、住民はいつ感染するか、怯える毎日を送らなければなりません。 ウイルスに感染する恐怖から近隣住民を守るため、ＢＳＬ４施設の差止訴訟を提起しましたが、裁判中にＢＳＬ４施設としての指定がなされました。そこで、指定取り消し訴訟を提起します。,"公正な手続, 環境・災害","公正な手続, 環境・災害",,,,,https://www.call4.jp/info.php?type=items&id=I0000081
46,I0000082,進行中,,隠される「国の事故調査」プロセスを明らかに！訴訟,2008年、太平洋上で福島県の漁船・第58寿和丸が沈没し、17人が犠牲になった。「波による転覆、沈没」とした国の運輸安全委員会の結論は、生存者の証言や現場海域の油の状況と大きく食い違う。一部専門家が潜水艦との衝突も疑う中、調査報道グループ・フロントラインプレスは国に情報開示請求したが、調査に使用した資料のタイトルすら非開示になった。なぜ、調査プロセスを隠すのか。公文書の開示を求めて提訴した。,情報公開,情報公開,,,,,https://www.call4.jp/info.php?type=items&id=I0000082
47,I0000085,進行中,,「人種差別を許さない」訴訟　～警察官による母子の不当聴取と個人情報の漏洩～,外国人女性と３歳の娘は、「国へ帰れ」等と人種差別的言動をする男性から不実の通報をされました。母子は警察署で男性の言い分を認めるよう数時間迫られた上、住所等の個人情報を承諾なく男性に開示されています。 警察官による人種差別行為をなくし、誰でも安心して暮らせる社会の実現のために裁判をします。,"外国にルーツを持つ人々, 刑事司法","外国にルーツを持つ人々, 刑事司法",,,,,https://www.call4.jp/info.php?type=items&id=I0000085
48,I0000094,進行中,,ウィシュマさん名古屋入管死亡事件,２０２１年３月６日、名古屋入管に収容されていたウィシュマ・サンダマリさんが死亡しました。２月１５日に行なわれた尿検査はウィシュマさんが饑餓（きが）状態にあることを示していました。自分で体を起こすことも、食事をすることも、トイレもできないほど衰弱していました。しかし、ウィシュマさんに適切な医療は提供されませんでした。この訴訟を通じて、なぜこのようなことが起きたのかを明らかにしたいと思います。,外国にルーツを持つ人々,外国にルーツを持つ人々,,,,,https://www.call4.jp/info.php?type=items&id=I0000094
49,I0000096,進行中,,「日本の入管収容は国際人権法違反」訴訟,2020年、国連恣意的拘禁作業部会は、「日本の入管収容は自由権規約に違反している」という意見を発表しました。この訴訟では、日本の裁判所においても、日本の入管収容が国際人権法に違反していることを明らかにすることで、これからの入管収容のあり方を変えていきたいと思います。,外国にルーツを持つ人々,外国にルーツを持つ人々,,,,,https://www.call4.jp/info.php?type=items&id=I0000096
50,I0000106,進行中,,本人の意思を無視して日本国籍を一方的にはく奪する「国籍法11条1項は違憲」訴訟,国籍法11条1項により、外国籍を取得する際に日本国籍を失うことになっても良いかの意思確認もされずに、自動的に日本国籍をはく奪されてしまった人たちが世界中にたくさんいます。日本で育ち海外に渡った人や、日本国内で国際カップルから生まれた子どもたちなどです。現在、世界の約8割の国は複数国籍を認めています。国際化が進んだ社会で、自分の意思と無関係に国籍をはく奪されることはもう終わりにしたいと考えています。,公正な手続,公正な手続,,,,,https://www.call4.jp/info.php?type=items&id=I0000106
51,I0000114,進行中,※近々和解・アーカイブ予定,受刑者にも適切な医療を！刑務所医療過誤事件,受刑中に十分な医療を受けられず死亡した男性の母と婚約者が起こす国家賠償請求訴訟です。刑事施設の対応は適切なものであったかどうか、そして、日本の刑事施設の医療体制は十分なものであるといえるかを追求します。この訴訟は、刑務所のあり方について社会全体で考えるきっかけとなる、公共訴訟です。皆様のご支援をお願いいたします。,"公正な手続, 刑事司法, 医療・福祉・障がい","公正な手続, 刑事司法, 医療・福祉・障がい",,,,,https://www.call4.jp/info.php?type=items&id=I0000114
52,I0000115,進行中,,市民との約束を無視して進む「新焼却炉建設」を止める訴訟,かつての沼津市長は、原告らが住む沼津市と駿東郡清水町外原区とが接する地域において、二度とごみ焼却場を作らないと約束し、住民との間で覚書を取り交わしました。しかし、現・市長はこの覚書を無視して、同じ地域に新しいごみ焼却場を作ろうとしています。このような行政の約束破りは、実は全国で相次いでいます。この訴訟は、行政に住民との約束を守らせるための訴訟です。,"公正な手続, 環境・災害","公正な手続, 環境・災害",,,,,https://www.call4.jp/info.php?type=items&id=I0000115
53,I0000116,進行中,,「会計年度任用職員にも労働基本権を！」訴訟,2020年4月、「会計年度任用職員」制度が発足しました。それまで「特別職非常勤職員」として働いていた多くの非正規公務員が、「会計年度任用職員」に切り替えられました。政府は、「特別職非常勤職員」と異なり、「会計年度任用職員」には労働基本権が認められないと主張しています。この訴訟は、憲法で保障された労働基本権を取り戻すことを目指すものです。,"外国にルーツを持つ人々, 働き方","外国にルーツを持つ人々, 働き方",,,,,https://www.call4.jp/info.php?type=items&id=I0000116
54,I0000117,進行中,,立候補年齢引き下げ訴訟,日本が直面する少子高齢社会、中高年が多くを占める政治の場に、若い世代の声はなかなか届きません。戦後変わらない立候補年齢は若者の政治参加を制限し、社会の一員として政治に関わることを難しくしています。長期的な視点を持った10代・20代の声が届く政治は、日本をもっと持続可能で、生きやすい社会にします。若い世代の声が届く社会に向けて、私たちは立候補年齢の引き下げを提案します。,"公正な手続, 政治参加・表現の自由","公正な手続, 政治参加・表現の自由",,,,,https://www.call4.jp/info.php?type=items&id=I0000117
55,I0000120,進行中,,神宮外苑を守ろう訴訟｜100年の歴史と3000本超の樹木を未来へ,100年もの間、人々により守られ親しまれてきた神宮外苑が今、破壊の危機に瀕しています。都民のみならず国民全ての貴重な歴史的遺産であり、緑豊かな憩いの場である神宮外苑を現在の状態のまま次世代へ繋いでいきたい。行政の恣意的な手続をただしたい。その思いで周辺住民らが、2023年2月に東京都に再開発認可取り消しを、7月に新宿区に樹木伐採認可取り消しを求める訴訟を提起しました。計画の正当性を司法に問います。,"公正な手続, 環境・災害","公正な手続, 環境・災害",,,,,https://www.call4.jp/info.php?type=items&id=I0000120
56,I0000123,進行中,,県知事の公務での護国神社参拝取りやめをー政教分離原則の違反を問うー,国と宗教の関わり合いに一定の限度を設ける「政教分離原則」。この訴訟で問う対象は、山口県知事による山口県護国神社の慰霊大祭への公務参拝です。戦前の軍国主義体制を支えていた護国神社に、公費を用いて参拝を行うことが、政教分離原則に反していると問うことで、個人の信仰が抑圧されたり強制されたりしない社会を実現します。,"公正な手続, 政治参加・表現の自由","公正な手続, 政治参加・表現の自由",,,,,https://www.call4.jp/info.php?type=items&id=I0000123
57,I0000124,進行中,,恵庭市「障害者虐待」隠ぺい事件　〜元市議への忖度による放置を許さない〜,北海道の恵庭市にある牧場で、3人の知的障害のある人たちが長年にわたって劣悪な環境下で、虐待と評価されるような生活を余儀なくされていたことが判明しました。しかし、それを知った恵庭市は、その事実を隠ぺいし、放置しました。その牧場は、元恵庭市議会議員（議長）が経営していた牧場であったことがその対応に影響していると思われます。本訴訟は、障害者虐待を隠ぺい・放置した恵庭市の責任を問う事件です。,"公正な手続, 医療・福祉・障がい","公正な手続, 医療・福祉・障がい",,,,,https://www.call4.jp/info.php?type=items&id=I0000124
58,I0000128,進行中,,人種差別的な職務質問をやめさせよう！訴訟｜#STOPレイシャルプロファイリング,警察が、人種・皮膚の色・民族的出自などを理由に個人を犯罪捜査の対象とするレイシャルプロファイリング。近年、外国にルーツを持つ人たちから、不審事由がないにもかかわらず繰り返し職務質問をされるという被害を訴える声が後を絶ちません。私たちは、職務質問のレイシャルプロファイリング的運用が憲法や国際条約等に違反したものであることを訴え、このような運用をなくさせたいと考えています。,外国にルーツを持つ人々,外国にルーツを持つ人々,,,,,https://www.call4.jp/info.php?type=items&id=I0000128
59,I0000129,進行中,,「共働き妻を亡くした夫にも遺族年金を」訴訟,「夫は仕事、妻は家事」という考え方を60年近く維持する法律があります。労災補償の遺族年金は、妻は年齢制限がないのに、夫は55歳以上でなければ支給されません。「男性が稼ぎ主」と決めつけて、男性と女性に差をつけることが許されるのでしょうか。ジェンダー平等のすすむ現代において、法律が憲法や国際法上の法の下の平等に違反することを訴え、差別なき社会を実現したいと考えています。,"ジェンダー・セクシュアリティ, 働き方","ジェンダー・セクシュアリティ, 働き方",,,,,https://www.call4.jp/info.php?type=items&id=I0000129
60,I0000130,進行中,,日本の「黙秘権」を問う訴訟 〜56時間にわたる侮辱的な取調べは違法〜 ,犯罪の嫌疑をかけられた原告の江口さんは、黙秘権の行使を宣言したにもかかわらず、約21日間・約56時間にわたって検察官から「ガキ」「お子ちゃま」など、さまざまな暴言、嫌味、侮辱を浴びせられました。これは「取調べ」なのでしょうか。この訴訟は、裁判を通してこのような取調べが違法であることを明らかにすることで、黙秘権が真に保障される社会にするための訴訟です。,刑事司法,刑事司法,,,,,https://www.call4.jp/info.php?type=items&id=I0000130
61,I0000131,進行中,,夫婦別姓も選べる社会へ！訴訟,現行法上、カップルが婚姻するには、一方が他方の名字に変更しなければなりません。実際は、結婚する女性の約95％が男性の名字に変更しており、名字の変更を望まない人は、アイデンティティの喪失など様々な不利益を被っています。結婚しようとすると、一方が名字を諦めるか、さもなければ結婚自体を諦めるかという過酷な二者択一を迫られるのです。私たちはこの現状に終止符を打ち、夫婦が別姓も選べる社会の実現を目指します。,ジェンダー・セクシュアリティ,ジェンダー・セクシュアリティ,,,,,https://www.call4.jp/info.php?type=items&id=I0000131
62,I0000132,進行中,,「わたしの体は母体じゃない」訴訟,生殖能力に違和感を覚えたり、子どもをもたない生き方を確信をもって選択した原告らにとって、不妊手術は自分が自分らしく生きるために不可欠な手段です。しかし母体保護法は医療目的等以外の不妊手術を原則として禁止し、施術する場合にも子を既に出産していることや配偶者の同意を必要としています。これらの規定が、生殖に関する自己決定権を侵害し、憲法違反であることを訴え、現在のルールを変えたいと考えています。,"ジェンダー・セクシュアリティ, 医療・福祉・障がい","ジェンダー・セクシュアリティ, 医療・福祉・障がい",,,,,https://www.call4.jp/info.php?type=items&id=I0000132
63,I0000134,進行中,,わたしたちはもう待てない〜同性婚仙台家事審判事件,現在の日本の戸籍実務では、同性カップルが婚姻届を提出しても受理されることはありません。しかし、その運用は本当に正しいのでしょうか？民法や戸籍法には、「異性同士でなければ婚姻届を受理しない」といった規定はありません。私たちが目指すのは、同性カップルが制度に基づいた幸せな生活を送れる社会です。その実現のために、訴訟とは違ったかたちで婚姻届の受理を求める「審判」という新たな方法で戦います。,ジェンダー・セクシュアリティ,ジェンダー・セクシュアリティ,,,,,https://www.call4.jp/info.php?type=items&id=I0000134
64,I0000135,進行中,,難民帰化訴訟〜真に社会の一員へ〜,難民認定されたアフリカ出身の原告。日本国籍をもたない「難民」のままの日本での生活は、彼の日常生活や将来のキャリアに重大な障害となってきました。そのため行った2度の帰化申請は、いずれも認められず。難民条約34条は、難民の帰化をできるだけ容易にするように求めています。しかし日本では、国の極めて広い裁量で帰化の認否が決まり、これは条約の趣旨に反しています。この訴訟は原告に帰化を認めるよう求めています。,外国にルーツを持つ人々,外国にルーツを持つ人々,,,,,https://www.call4.jp/info.php?type=items&id=I0000135
65,I0000136,進行中,,地域による報酬格差は違憲！裁判官の独立と良心を守る訴訟,原告である竹内浩史裁判官は、名古屋から津に転勤したことで「地域手当」が減らされ、報酬が大幅に減額されました。憲法80条2項が、裁判官が良心に従い独立して裁判を行うことができるように裁判官の報酬の減額を禁止しているにもかかわらず、地域間格差が大きく実質的に裁判官の減給を可能にする「地域手当」が存在することは許されるのでしょうか。「地域手当」の違憲性を問い、裁判官の良心を守るための訴訟です。,"公正な手続, 働き方","公正な手続, 働き方",,,,,https://www.call4.jp/info.php?type=items&id=I0000136
66,I0000139,進行中,,既婚を理由に法的性別取扱い変更を認めないのは違憲！「なんでうちらが離婚せなあかんの？」裁判,婚姻の平等（同性婚）が叶わないせいで困っているカップルは、現に法律上同性のカップルだけではありません。法的性別取扱い変更には、同性婚状態になるのを防ぐため、「現に婚姻をしていないこと」が求められています。法律上男女として結婚したトランスジェンダーは、「離婚する」か「実態に合わない性別取扱いのまま生きる」か、二者択一を迫られます。離婚を強制されることなく、性別取扱い変更を求めます。,ジェンダー・セクシュアリティ,ジェンダー・セクシュアリティ,,,,,https://www.call4.jp/info.php?type=items&id=I0000139
67,I0000142,進行中,※アーカイブ予定,若者の志と人生を尊重する地域枠医師制度のために　～高額違約金は違法！～,医学部卒業後に特定の地域で診療を行うことを条件とした医学部選抜（地域枠制度）が全国各地で行われています。その中でも山梨県については、約束通り特定の地域における従事ができなくなった場合に842万円余もの高額な違約金を課しています。当該違約金条項は消費者契約法に照らして無効です。また、大学を受験する若年者に、高額な違約金を誓約させることは、個々人の自己決定の観点から大きな問題があります。,"働き方, 医療・福祉・障がい","働き方, 医療・福祉・障がい",,,,,https://www.call4.jp/info.php?type=items&id=I0000142
68,I0000143,進行中,,リニアトンネル工事で街を壊さないで 〜平穏生活権を侵害する大深度法の違憲性を問う〜,2018年大深度法という法律に基づき、リニア大深度工事の認可が下りました。リニア大深度工事は、住宅地の真下にトンネルを掘ること自体に、地盤沈下等の危険があり、問題があります。この訴訟は、この工事が「大深度法」の認可の要件を満たすか、そもそも大深度法自体が憲法に反するか、この工事に大深度法を適用したことが憲法に反するか、これらの点を争い、大深度法に基づく認可の取消しを求める訴訟です。,"公正な手続, 環境・災害","公正な手続, 環境・災害",,,,,https://www.call4.jp/info.php?type=items&id=I0000143
69,I0000146,進行中,,「学術会議の独立性」を市民で守ろう ～会員任命拒否理由の情報公開訴訟～,2020年10月、内閣総理大臣は、日本学術会議が推薦した105名の学者のうち6名の任命を、理由を明らかにせず拒否しました。政府からの「独立」が法に明記されている学術会議の歴史上初めてのことでした。1162名の法律家と拒否された6名は、政府に対して任命拒否の理由を記した文書の公開を請求しましたが、政府は「不存在」を理由に不開示を決定。私たちは取消と国家賠償を求め、訴訟を提起しました。,"公正な手続, 政治参加・表現の自由, 情報公開","公正な手続, 政治参加・表現の自由, 情報公開",,,,,https://www.call4.jp/info.php?type=items&id=I0000146
70,I0000148,進行中,,おかゆ強制はおかしい！刑事施設における不要な食事制限の撤廃を求める裁判 ,大阪拘置所では、胃腸に疾患がある収容されている人に「代替食」を提供します。「代替食」は、毎食の主食が粥食で、肉類や揚げ物などの固形物が一切なく、また汁物の調味料が通常の半分で極めて薄味なものです。Aさんは大阪拘置所に入るまでは普通の食事を食べることができていました。しかし、大阪拘置所では「代替食」を強制されています。この裁判は、Aさんが、普通の食事、普通の生活を取り戻そうとする裁判です。,刑事司法,刑事司法,,,,,https://www.call4.jp/info.php?type=items&id=I0000148
71,I0000149,進行中,,オープンコート訴訟 —法廷の“秩序”を問う—,この訴訟の原告らは、自らのアイデンティティや仲間との連帯、尽力してきた活動を象徴するアイテムを身につけて裁判に参加しようとしたところ、裁判官はこれらを隠すよう命じました。その理由は法廷の“秩序”。この命令により、原告らは、裁判の傍聴や円滑な弁護活動を諦めるか、大切なアイテムの着用を諦めるか、という二者択一を迫られました。私たちは、法廷の”秩序”の意義を問い直し、より開かれた裁判の実現を目指します。,"公正な手続, 政治参加・表現の自由","公正な手続, 政治参加・表現の自由",,,,,https://www.call4.jp/info.php?type=items&id=I0000149
72,I0000150,進行中,,政府が開示を拒否する、安倍元首相の「国葬文書」開示を！訴訟,安倍元首相の国葬の是非は、国会で審議されませんでした。官邸と「法の番人」内閣法制局が協議して、閣議決定による実施にゴーサインを出しました。ところがその協議記録をTansaが情報公開請求すると、政府は不開示に。「記録していない」「捨てた」という理由です。重要な公文書が、ないはずがありません。民主主義の基本は「記録」「公開」「検証」です。公文書の隠蔽や改ざんに、裁判で歯止めをかけます。,"公正な手続, 情報公開","公正な手続, 情報公開",,,,,https://www.call4.jp/info.php?type=items&id=I0000150
73,I0000151,進行中,,「18歳未満にも選挙で応援する自由を」訴訟,選挙期間中に、特定の候補者の当選を目的として行う活動を「選挙運動」といいます。現在の公職選挙法は、未成年者によるこの選挙運動を全面禁止しています。もし未成年者が選挙運動をした場合には、刑罰が科されてしまうのです。 本訴訟は、高校生4名が原告として立ち上がり、現在のルールは自発的に選挙で応援したいと願う18歳未満のユースの“政治的表現の自由”を侵害するものだとして、その撤廃を求めるものです。,政治参加・表現の自由,政治参加・表現の自由,,,,,https://www.call4.jp/info.php?type=items&id=I0000151
74,I0000152,進行中,,保育料を経費に！訴訟,働く親は、就労時間を確保するために子どもを保育園に預けます。仕事をするために支払ったのですから、その保育料は必要経費に該当するはずです。けれど、現在の課税実務では、育児は収入を得ることと切り離された「家庭内の消費」であるとして、保育料は必要経費に当たらないとされています。共働きが一般化し、働き方の多様化が進み、国を挙げた少子化対策が叫ばれる今、保育料も必要経費として認定されることを求める訴訟です。,働き方,働き方,,,,,https://www.call4.jp/info.php?type=items&id=I0000152
75,I0000154,進行中,,「無効のはずの廃園条例、なぜ続く？」— 子どもたちの保育環境を守るための訴訟,小金井市立保育園２園を段階的に縮小・廃園とする条例は違法で無効であるとの判決が東京地裁で下され、その後確定しました。しかし市は「判決は訴えた原告のみに適用され、原告以外の市民に対しては廃園条例は有効である」として他の児童の入園を認めません。他に同級生が一人もいないなど保育環境が著しく損なわれ、新たに生まれる子を上の子と同じ保育園に通わせられないことなどから損害賠償を求め再度提訴しました。,公正な手続,公正な手続,,,,,https://www.call4.jp/info.php?type=items&id=I0000154
76,I0000155,進行中,,人質司法に終止符を！訴訟,事実を争う被告人を勾留し続ける「人質司法」。 人質司法による長期間の身体拘束は、被疑者とされた人々の心身を蝕み、社会生活を破綻させ、仕事や家庭を崩壊させます。身体の拘束は究極の人権制約であるにもかかわらず、身体の自由が、否認や黙秘をしているだけで極めて容易に奪われています。 この訴訟は勾留や保釈の根拠となる刑事訴訟法の規定が憲法に違反することを訴え、人質司法に終止符を打つ訴訟です。,刑事司法,刑事司法,,,,,https://www.call4.jp/info.php?type=items&id=I0000155
77,I0000156,進行中,,病院でよく出る薬を、薬局ですぐ買える「零売」を守る訴訟,一部の医療用医薬品は本来、処方箋なしで購入可能ですが、厚生労働省の通達により販売や広告が制限されています。零売薬局は忙しい人や軽症の人に適切な薬を提供できますが、国の規制で利用が困難です。この不合理な制限に異議を唱え、必要な人に薬が届く社会を守るため、2025年1月17日、東京地裁に国を相手取った訴訟を提起しました。これは薬剤師だけでなく、医薬品を必要とするすべての人の問題です。,医療・福祉・障がい,医療・福祉・障がい,,,,,https://www.call4.jp/info.php?type=items&id=I0000156
78,I0000157,進行中,,「取調べ拒否」Tシャツを奪うな！―黙秘権と表現の自由を守る訴訟,「私は取調べを拒否します」と書かれたTシャツがあります。このTシャツは、黙秘権を行使できるようにという思いで、弁護人がAさんに差し入れたものです。しかし、羽曳野警察署は、このTシャツを危険物として取り上げました。このような行為は、Aさんの表現行為の弾圧であり、また、Aさんの黙秘権を侵害し、弁護人の弁護活動を妨害するものです。私たちは、このTシャツを取り上げることの違憲性・違法性を明らかにします。,"公正な手続, 政治参加・表現の自由, 刑事司法","公正な手続, 政治参加・表現の自由, 刑事司法",,,,,https://www.call4.jp/info.php?type=items&id=I0000157
79,I0000159,進行中,,日本でもマリアージュしたいねん～海外で成立した同性婚の受理を求める裁判～,法令上同性カップルである私たち（日本人とフランス人）はフランスで結婚しているのに、日本では他人同士。日本でも法的に「ふうふ」になるためには「同性が結婚できないことは憲法違反」という判断だけでは足りず、２人の婚姻届が市役所に受理される必要があります。この裁判はそのための裁判です。将来安心して子どもを迎えるためにも、同じように暮らす国際クイア家族の未来のためにも。「日本でもマリアージュしたいねん！」,ジェンダー・セクシュアリティ,ジェンダー・セクシュアリティ,,,,,https://www.call4.jp/info.php?type=items&id=I0000159
80,I0000164,進行中,,引越しで選挙権が制限されない未来へ！訴訟,私は、2025年1月に東京都内で引越し、同年4月に東京都から京都府に引越しをしました。その結果、東京都・京都府いずれの住所地の選挙人名簿にも登録されず、同年7月に行われた参議院議員選挙において投票することができませんでした。そこで、選挙権が制限されたことを理由に、国家賠償請求訴訟を提起しました。引越しの事実にかかわらず、すべての国民が確実に国政選挙に参加できる未来を勝ち取りたいと考えています。,政治参加・表現の自由,政治参加・表現の自由,,,,,https://www.call4.jp/info.php?type=items&id=I0000164
81,I0000167,進行中,,気候正義訴訟－Climate Justice－,パリ協定は気温上昇を産業革命以前比で1.5℃以内に抑えることを求めており、これを超過すれば地球規模で壊滅的被害が生じると科学的に示されています。しかし日本政府が2025年に定めた排出削減目標はこれに整合しません。全国906人の原告が、国に対し、消極的な気候政策により平穏生活権（気候享受権）が侵害されたとして損害の賠償を求める訴訟です。,環境・災害,環境・災害,,,,,https://www.call4.jp/info.php?type=items&id=I0000167
82,I0000169,進行中,,平和の島であるために ― 馬毛島の自然と自治を守る裁判,鹿児島県・馬毛島で、自衛隊と米軍の共同使用を前提とした巨大基地建設が進められています。森は削られ、海は濁り、漁の営みや島の自然が失われつつあります。 しかし、市民への十分な説明も議論もないまま、市は市有地の売却と市道の廃止を決めました。 この裁判は、環境と暮らし、地方自治、そして「平和の島」を守るために、市民が声を上げた闘いです。,"公正な手続, 環境・災害","公正な手続, 環境・災害",,,,,https://www.call4.jp/info.php?type=items&id=I0000169
83,I0000170,進行中,,再開発は誰のため？いわき市の「不公正な行政契約は違法」訴訟,再開発事業で実績ゼロの新会社に支払われた934万円。この訴訟は、福島県いわき市の公共事業の中で行われた民間との業務委託契約について、手続きや内容が不公正だったのではないかと問う訴訟です。これは一地域の問題ではありません。公共事業の民間業務委託は不正に繋がりやすい危険性があります。この住民訴訟を通して、こうした危険性と市民が声をあげて行政運営の修正を求めていくことの大切さを皆さんと共有したいです。,"公正な手続, 環境・災害","公正な手続, 環境・災害",,,,,https://www.call4.jp/info.php?type=items&id=I0000170
84,I0000172,進行中,,袴田巌さん国家賠償請求訴訟 ―半世紀のえん罪、国の責任を問う,2024年9月26日、袴田巖さんは逮捕から58年という長い闘いの末、再審無罪となりました。 しかし、死刑の恐怖にさらされ、47年7か月に及んだ拘束は巖さんの心を蝕み、現在も重い拘禁反応は続いています。 今回、弁護団はえん罪、そして名誉棄損と2件の国家賠償請求訴訟を提訴しています。取り返しのつかない形で人生を奪うえん罪を二度と起こさないためにも、捜査や国家機関の在り方の見直しを求めます。,"公正な手続, 刑事司法","公正な手続, 刑事司法",,,,,https://www.call4.jp/info.php?type=items&id=I0000172
85,I0000173,進行中,,【大川原化工機事件】裁判官の責任を問う訴訟,大川原化工機事件で不当に逮捕・勾留された元顧問の相嶋静夫さんは、約11カ月間も自由を奪われ、保釈が認められないままに亡くなりました。後に捜査機関の違法性は認められましたが、静夫さんに逮捕状・勾留状を発付し、保釈を認めない判断をし続けた責任者は、裁判官たちです。 本訴訟は関与した37人の裁判官の判断の違法性を問うことで、日本の刑事司法に法の支配を取り戻し「人質司法」に終止符を打つことを目指します。,"公正な手続, 刑事司法","公正な手続, 刑事司法",,,,,https://www.call4.jp/info.php?type=items&id=I0000173
86,I0000176,進行中,,不透明な契約・区長の教育行政介入を問う住民訴訟 〜文京区の教育は誰のもの？,現在文京区は、教育行政の目玉「世界に向けた学びを紡ぐプロジェクト」として国際バカロレアの教員研修を推進しています。しかしこのプロジェクトは必要性も効果も十分に説明されていないだけではなく、区長と知人関係にある業者との随意契約など手続き上の問題点があります。不透明な行政手続きを正し、区政の透明性と教育の専門性を守るための裁判です。,公正な手続,公正な手続,,,,,https://www.call4.jp/info.php?type=items&id=I0000176
87,I0000178,進行中,,私として生きる権利を求めて。アイコさん難民不認定取消訴訟,アイコさんは、フィリピン出身のトランス女性として、越境するトランスの生存権の闘いを追求しています。1999年に、フィリピンでのLGBTQIA+存在への迫害のため、日本に逃れました。フィリピンで迫害を受ける恐れのある重大なリスクに晒されるため、日本での庇護を求めています。彼女は現在、安全に暮らせるよう、東京入国管理局を相手取り、難民不認定の取り消しを求めて、東京地方裁判所で訴訟を起こしています。,"外国にルーツを持つ人々, ジェンダー・セクシュアリティ","外国にルーツを持つ人々, ジェンダー・セクシュアリティ",,,,,https://www.call4.jp/info.php?type=items&id=I0000178
88,I0000179,進行中,,海外有権者の一票を守れ！在外選挙制度を問う訴訟,海外に暮らす有権者の主な投票方法は、在外公館投票か郵便投票です。しかし2026年2月、戦後最短の日程で行われた総選挙では、解散前から手続きしていたにも関わらず、原告らの一票は投開票日までに届きませんでした。同じ経験をした人、諦めた人もいます。どこで暮らしていても特別な負担なく投票できる制度をつくることは、民主主義の土台を守ることです。原告らとともに、一人ひとりの「一票」を守る制度を求めます。,"公正な手続, 政治参加・表現の自由","公正な手続, 政治参加・表現の自由",,,,,https://www.call4.jp/info.php?type=items&id=I0000179
